name,isin,ticker,envelope,invested_eur,buy_date
Monde,FR001400U5Q4,DCAM.PA,PEA,1225,2026-09-29
Europe,FR0013412038,PCEU.PA,PEA,700,2026-09-29
Emergents,FR0013412020,PAEEM.PA,PEA,700,2026-09-29
Japon,FR0013411980,PTPXE.PA,PEA,356,2026-09-29
S&P 500,FR0011550185,ESEE.PA,PEA,100,2026-09-29
Assurances Stoxx 600,LU1834987973,LIRU.DE,PEA,95,2026-09-29
Defense USD,IE000YYE6WK5,DFEN.L,CTO,153,2026-09-29
Small caps Europe,LU0322253906,XXSC.DE,CTO,150,2026-09-29
S&P500 Tech,IE00B3WJKG14,QDVE.DE,CTO,100,2026-09-29
